Billing Address,Uw gegevens
First Name,Voornaam
Middle Name,Tussenvoegsel
Last Name,Achternaam
Email Address,E-mailadres
Telephone,Telefoon
Date of Birth,Geboortedatum
YYYY,JJJJ
Street Address 2,Huisnr
Street Address 3,Toevoeging
Street Address 1,Straatnaam
Gender,Geslacht
Male,Man
Female,Vrouw
Please select one of the options.,Selecteer alstublieft één van de mogelijkheden.
This is a required field.,Dit is een verplicht veld.
Day,Dag
Month,Maand
Year,Jaar
City,Woonplaats
Price,Prijs
Grand total,Te betalen bij aflevering:
Direct Debit,Vul uw rekeningnummer in:
Vul onderstaande gegevens in.,Vul een geldig rekeningnummer in.
Item,Product
Grand Total (Incl.Tax),Te betalen bij aflevering
Your inquiry was submitted and will be responded to as soon as possible. Thank you for contacting us.,"Hartelijk dank voor uw  bericht, wij streven ernaar u binnen twee werkdagen van een reactie te voorzien."
Please enter a valid email address. For example johndoe@domain.com.,Vul alstublieft een geldig emailadres in. Bijvoorbeeld iemand@internet.nl
This date is a required value.,Geboortedatum is een verplicht veld.
Shipping,Verzekerde levering aan huis
